<?xml version="1.0" encoding="UTF-8"?>
<project-private xmlns="http://www.netbeans.org/ns/project-private/1">
    <editor-bookmarks xmlns="http://www.netbeans.org/ns/editor-bookmarks/2" lastBookmarkId="0"/>
    <open-files xmlns="http://www.netbeans.org/ns/projectui-open-files/2">
        <group>
            <file>file:/C:/Users/Thiago/Documents/NetBeansProjects/ProjetoIntegrador2016/SYSPequiBook/src/persisrencia/PAmizade.java</file>
            <file>file:/C:/Users/Thiago/Documents/NetBeansProjects/ProjetoIntegrador2016/SYSPequiBook/src/entidade/EAmizade.java</file>
            <file>file:/C:/Users/Thiago/Documents/NetBeansProjects/ProjetoIntegrador2016/SYSPequiBook/src/apresentacao/Mensagem.java</file>
            <file>file:/C:/Users/Thiago/Documents/NetBeansProjects/ProjetoIntegrador2016/SYSPequiBook/src/entidade/EMensagem.java</file>
            <file>file:/C:/Users/Thiago/Documents/NetBeansProjects/ProjetoIntegrador2016/SYSPequiBook/src/entidade/StatusDaSolicitacao.java</file>
            <file>file:/C:/Users/Thiago/Documents/NetBeansProjects/ProjetoIntegrador2016/SYSPequiBook/src/apresentacao/Login.java</file>
            <file>file:/C:/Users/Thiago/Documents/NetBeansProjects/ProjetoIntegrador2016/SYSPequiBook/src/util/AtualizarTabela.java</file>
            <file>file:/C:/Users/Thiago/Documents/NetBeansProjects/ProjetoIntegrador2016/SYSPequiBook/src/negocio/NPerfilUsuario.java</file>
            <file>file:/C:/Users/Thiago/Documents/NetBeansProjects/ProjetoIntegrador2016/SYSPequiBook/src/persisrencia/PPerfilUsuario.java</file>
            <file>file:/C:/Users/Thiago/Documents/NetBeansProjects/ProjetoIntegrador2016/SYSPequiBook/src/negocio/NAmizade.java</file>
            <file>file:/C:/Users/Thiago/Documents/NetBeansProjects/ProjetoIntegrador2016/SYSPequiBook/src/negocio/NMensagem.java</file>
            <file>file:/C:/Users/Thiago/Documents/NetBeansProjects/ProjetoIntegrador2016/SYSPequiBook/src/apresentacao/Principal.java</file>
            <file>file:/C:/Users/Thiago/Documents/NetBeansProjects/ProjetoIntegrador2016/SYSPequiBook/src/negocio/NAcesso.java</file>
            <file>file:/C:/Users/Thiago/Documents/NetBeansProjects/ProjetoIntegrador2016/SYSPequiBook/src/persisrencia/PMensagem.java</file>
        </group>
    </open-files>
</project-private>
